timestamp,open,high,low,close,volume
2024-01-01T00:00:00+00:00,100.0,101.0,99.0,100.0,10
2024-01-01T01:00:00+00:00,100.04161846,101.04161846,99.04161846,100.04161846,10
2024-01-01T02:00:00+00:00,100.12456652,101.12456652,99.12456652,100.12456652,10
2024-01-01T03:00:00+00:00,100.2482685,101.2482685,99.2482685,100.2482685,10
2024-01-01T04:00:00+00:00,100.41186585,101.41186585,99.41186585,100.41186585,10
2024-01-01T05:00:00+00:00,100.61422313,101.61422313,99.61422313,100.61422313,10
2024-01-01T06:00:00+00:00,100.8539359,101.8539359,99.8539359,100.8539359,10
2024-01-01T07:00:00+00:00,101.12934045,102.12934045,100.12934045,101.12934045,10
2024-01-01T08:00:00+00:00,101.43852535,102.43852535,100.43852535,101.43852535,10
2024-01-01T09:00:00+00:00,101.77934473,102.77934473,100.77934473,101.77934473,10
2024-01-01T10:00:00+00:00,102.14943316,103.14943316,101.14943316,102.14943316,10
2024-01-01T11:00:00+00:00,102.54622206,103.54622206,101.54622206,102.54622206,10
2024-01-01T12:00:00+00:00,102.96695755,103.96695755,101.96695755,102.96695755,10
2024-01-01T13:00:00+00:00,103.40871955,104.40871955,102.40871955,103.40871955,10
2024-01-01T14:00:00+00:00,103.86844204,104.86844204,102.86844204,103.86844204,10
2024-01-01T15:00:00+00:00,104.34293435,105.34293435,103.34293435,104.34293435,10
2024-01-01T16:00:00+00:00,104.8289033,105.8289033,103.8289033,104.8289033,10
2024-01-01T17:00:00+00:00,105.32297606,106.32297606,104.32297606,105.32297606,10
2024-01-01T18:00:00+00:00,105.82172356,106.82172356,104.82172356,105.82172356,10
2024-01-01T19:00:00+00:00,106.32168426,107.32168426,105.32168426,106.32168426,10
2024-01-01T20:00:00+00:00,106.81938824,107.81938824,105.81938824,106.81938824,10
2024-01-01T21:00:00+00:00,107.31138121,108.31138121,106.31138121,107.31138121,10
2024-01-01T22:00:00+00:00,107.79424854,108.79424854,106.79424854,107.79424854,10
2024-01-01T23:00:00+00:00,108.26463892,109.26463892,107.26463892,108.26463892,10
2024-01-02T00:00:00+00:00,108.71928763,109.71928763,107.71928763,108.71928763,10
2024-01-02T01:00:00+00:00,109.15503923,110.15503923,108.15503923,109.15503923,10
2024-01-02T02:00:00+00:00,109.5688694,110.5688694,108.5688694,109.5688694,10
2024-01-02T03:00:00+00:00,109.957906,110.957906,108.957906,109.957906,10
2024-01-02T04:00:00+00:00,110.31944894,111.31944894,109.31944894,110.31944894,10
2024-01-02T05:00:00+00:00,110.65098896,111.65098896,109.65098896,110.65098896,10
2024-01-02T06:00:00+00:00,110.95022503,111.95022503,109.95022503,110.95022503,10
2024-01-02T07:00:00+00:00,111.21508033,112.21508033,110.21508033,111.21508033,10
2024-01-02T08:00:00+00:00,111.44371664,112.44371664,110.44371664,111.44371664,10
2024-01-02T09:00:00+00:00,111.63454714,112.63454714,110.63454714,111.63454714,10
2024-01-02T10:00:00+00:00,111.78624737,112.78624737,110.78624737,111.78624737,10
2024-01-02T11:00:00+00:00,111.89776448,112.89776448,110.89776448,111.89776448,10
2024-01-02T12:00:00+00:00,111.96832449,112.96832449,110.96832449,111.96832449,10
2024-01-02T13:00:00+00:00,111.99743767,112.99743767,110.99743767,111.99743767,10
2024-01-02T14:00:00+00:00,111.98490198,112.98490198,110.98490198,111.98490198,10
2024-01-02T15:00:00+00:00,111.93080441,112.93080441,110.93080441,111.93080441,10
2024-01-02T16:00:00+00:00,111.83552043,112.83552043,110.83552043,111.83552043,10
2024-01-02T17:00:00+00:00,111.69971134,112.69971134,110.69971134,111.69971134,10
2024-01-02T18:00:00+00:00,111.52431973,112.52431973,110.52431973,111.52431973,10
2024-01-02T19:00:00+00:00,111.31056288,112.31056288,110.31056288,111.31056288,10
2024-01-02T20:00:00+00:00,111.05992436,112.05992436,110.05992436,111.05992436,10
2024-01-02T21:00:00+00:00,110.7741437,111.7741437,109.7741437,110.7741437,10
2024-01-02T22:00:00+00:00,110.45520434,111.45520434,109.45520434,110.45520434,10
2024-01-02T23:00:00+00:00,110.10531987,111.10531987,109.10531987,110.10531987,10
2024-01-03T00:00:00+00:00,109.72691862,110.72691862,108.72691862,109.72691862,10
2024-01-03T01:00:00+00:00,109.32262686,110.32262686,108.32262686,109.32262686,10
2024-01-03T02:00:00+00:00,108.89525056,109.89525056,107.89525056,108.89525056,10
2024-01-03T03:00:00+00:00,108.44775588,109.44775588,107.44775588,108.44775588,10
2024-01-03T04:00:00+00:00,107.98324863,108.98324863,106.98324863,107.98324863,10
2024-01-03T05:00:00+00:00,107.50495269,108.50495269,106.50495269,107.50495269,10
2024-01-03T06:00:00+00:00,107.01618763,108.01618763,106.01618763,107.01618763,10
2024-01-03T07:00:00+00:00,106.52034569,107.52034569,105.52034569,106.52034569,10
2024-01-03T08:00:00+00:00,106.02086823,107.02086823,105.02086823,106.02086823,10
2024-01-03T09:00:00+00:00,105.52122184,106.52122184,104.52122184,105.52122184,10
2024-01-03T10:00:00+00:00,105.02487427,106.02487427,104.02487427,105.02487427,10
2024-01-03T11:00:00+00:00,104.53527038,105.53527038,103.53527038,104.53527038,10
2024-01-03T12:00:00+00:00,104.05580825,105.05580825,103.05580825,104.05580825,10
2024-01-03T13:00:00+00:00,103.58981553,104.58981553,102.58981553,103.58981553,10
2024-01-03T14:00:00+00:00,103.14052642,104.14052642,102.14052642,103.14052642,10
2024-01-03T15:00:00+00:00,102.71105917,103.71105917,101.71105917,102.71105917,10
2024-01-03T16:00:00+00:00,102.30439447,103.30439447,101.30439447,102.30439447,10
2024-01-03T17:00:00+00:00,101.92335476,102.92335476,100.92335476,101.92335476,10
2024-01-03T18:00:00+00:00,101.57058459,102.57058459,100.57058459,101.57058459,10
2024-01-03T19:00:00+00:00,101.24853236,102.24853236,100.24853236,101.24853236,10
2024-01-03T20:00:00+00:00,100.95943324,101.95943324,99.95943324,100.95943324,10
2024-01-03T21:00:00+00:00,100.7052937,101.7052937,99.7052937,100.7052937,10
2024-01-03T22:00:00+00:00,100.48787758,101.48787758,99.48787758,100.48787758,10
2024-01-03T23:00:00+00:00,100.30869384,101.30869384,99.30869384,100.30869384,10
2024-01-04T00:00:00+00:00,100.16898609,101.16898609,99.16898609,100.16898609,10
2024-01-04T01:00:00+00:00,100.06972397,101.06972397,99.06972397,100.06972397,10
2024-01-04T02:00:00+00:00,100.01159638,101.01159638,99.01159638,100.01159638,10
2024-01-04T03:00:00+00:00,99.99500677,100.99500677,98.99500677,99.99500677,10
2024-01-04T04:00:00+00:00,100.02007028,101.02007028,99.02007028,100.02007028,10
2024-01-04T05:00:00+00:00,100.08661295,101.08661295,99.08661295,100.08661295,10
2024-01-04T06:00:00+00:00,100.19417294,101.19417294,99.19417294,100.19417294,10
2024-01-04T07:00:00+00:00,100.34200375,101.34200375,99.34200375,100.34200375,10
2024-01-04T08:00:00+00:00,100.52907936,101.52907936,99.52907936,100.52907936,10
2024-01-04T09:00:00+00:00,100.7541014,101.7541014,99.7541014,100.7541014,10
2024-01-04T10:00:00+00:00,101.01550811,102.01550811,100.01550811,101.01550811,10
2024-01-04T11:00:00+00:00,101.31148522,102.31148522,100.31148522,101.31148522,10
2024-01-04T12:00:00+00:00,101.63997852,102.63997852,100.63997852,101.63997852,10
2024-01-04T13:00:00+00:00,101.99870813,102.99870813,100.99870813,101.99870813,10
2024-01-04T14:00:00+00:00,102.3851843,103.3851843,101.3851843,102.3851843,10
2024-01-04T15:00:00+00:00,102.79672474,103.79672474,101.79672474,102.79672474,10
2024-01-04T16:00:00+00:00,103.23047318,104.23047318,102.23047318,103.23047318,10
2024-01-04T17:00:00+00:00,103.68341921,104.68341921,102.68341921,103.68341921,10
2024-01-04T18:00:00+00:00,104.1524192,105.1524192,103.1524192,104.1524192,10
2024-01-04T19:00:00+00:00,104.63421808,105.63421808,103.63421808,104.63421808,10
2024-01-04T20:00:00+00:00,105.12547198,106.12547198,104.12547198,105.12547198,10
2024-01-04T21:00:00+00:00,105.62277137,106.62277137,104.62277137,105.62277137,10
2024-01-04T22:00:00+00:00,106.12266478,107.12266478,105.12266478,106.12266478,10
2024-01-04T23:00:00+00:00,106.62168275,107.62168275,105.62168275,106.62168275,10
2024-01-05T00:00:00+00:00,107.11636187,108.11636187,106.11636187,107.11636187,10
2024-01-05T01:00:00+00:00,107.60326887,108.60326887,106.60326887,107.60326887,10
2024-01-05T02:00:00+00:00,108.07902439,109.07902439,107.07902439,108.07902439,10
2024-01-05T03:00:00+00:00,108.5403265,109.5403265,107.5403265,108.5403265,10
2024-01-05T04:00:00+00:00,108.98397355,109.98397355,107.98397355,108.98397355,10
2024-01-05T05:00:00+00:00,109.40688645,110.40688645,108.40688645,109.40688645,10
2024-01-05T06:00:00+00:00,109.80613001,110.80613001,108.80613001,109.80613001,10
2024-01-05T07:00:00+00:00,110.1789333,111.1789333,109.1789333,110.1789333,10
2024-01-05T08:00:00+00:00,110.52270891,111.52270891,109.52270891,110.52270891,10
2024-01-05T09:00:00+00:00,110.83507088,111.83507088,109.83507088,110.83507088,10
2024-01-05T10:00:00+00:00,111.1138513,112.1138513,110.1138513,111.1138513,10
2024-01-05T11:00:00+00:00,111.35711531,112.35711531,110.35711531,111.35711531,10
2024-01-05T12:00:00+00:00,111.56317456,112.56317456,110.56317456,111.56317456,10
2024-01-05T13:00:00+00:00,111.73059889,112.73059889,110.73059889,111.73059889,10
2024-01-05T14:00:00+00:00,111.85822633,112.85822633,110.85822633,111.85822633,10
2024-01-05T15:00:00+00:00,111.94517107,112.94517107,110.94517107,111.94517107,10
2024-01-05T16:00:00+00:00,111.99082969,112.99082969,110.99082969,111.99082969,10
2024-01-05T17:00:00+00:00,111.99488529,112.99488529,110.99488529,111.99488529,10
2024-01-05T18:00:00+00:00,111.95730973,112.95730973,110.95730973,111.95730973,10
2024-01-05T19:00:00+00:00,111.8783638,112.8783638,110.8783638,111.8783638,10
2024-01-05T20:00:00+00:00,111.75859541,112.75859541,110.75859541,111.75859541,10
2024-01-05T21:00:00+00:00,111.59883581,112.59883581,110.59883581,111.59883581,10
2024-01-05T22:00:00+00:00,111.40019381,112.40019381,110.40019381,111.40019381,10
2024-01-05T23:00:00+00:00,111.16404805,112.16404805,110.16404805,111.16404805,10
2024-01-06T00:00:00+00:00,110.89203749,111.89203749,109.89203749,110.89203749,10
2024-01-06T01:00:00+00:00,110.58605001,111.58605001,109.58605001,110.58605001,10
2024-01-06T02:00:00+00:00,110.24820928,111.24820928,109.24820928,110.24820928,10
2024-01-06T03:00:00+00:00,109.88086006,110.88086006,108.88086006,109.88086006,10
2024-01-06T04:00:00+00:00,109.48655192,110.48655192,108.48655192,109.48655192,10
2024-01-06T05:00:00+00:00,109.06802152,110.06802152,108.06802152,109.06802152,10
2024-01-06T06:00:00+00:00,108.62817364,109.62817364,107.62817364,108.62817364,10
2024-01-06T07:00:00+00:00,108.17006102,109.17006102,107.17006102,108.17006102,10
2024-01-06T08:00:00+00:00,107.69686314,108.69686314,106.69686314,107.69686314,10
2024-01-06T09:00:00+00:00,107.2118642,108.2118642,106.2118642,107.2118642,10
2024-01-06T10:00:00+00:00,106.71843031,107.71843031,105.71843031,106.71843031,10
2024-01-06T11:00:00+00:00,106.21998611,107.21998611,105.21998611,106.21998611,10
2024-01-06T12:00:00+00:00,105.71999101,106.71999101,104.71999101,105.71999101,10
2024-01-06T13:00:00+00:00,105.22191518,106.22191518,104.22191518,105.22191518,10
2024-01-06T14:00:00+00:00,104.7292155,105.7292155,103.7292155,104.7292155,10
2024-01-06T15:00:00+00:00,104.2453115,105.2453115,103.2453115,104.2453115,10
2024-01-06T16:00:00+00:00,103.77356169,104.77356169,102.77356169,103.77356169,10
2024-01-06T17:00:00+00:00,103.3172402,104.3172402,102.3172402,103.3172402,10
2024-01-06T18:00:00+00:00,102.87951412,103.87951412,101.87951412,102.87951412,10
2024-01-06T19:00:00+00:00,102.46342143,103.46342143,101.46342143,102.46342143,10
2024-01-06T20:00:00+00:00,102.07185001,103.07185001,101.07185001,102.07185001,10
2024-01-06T21:00:00+00:00,101.70751752,102.70751752,100.70751752,101.70751752,10
2024-01-06T22:00:00+00:00,101.37295259,102.37295259,100.37295259,101.37295259,10
2024-01-06T23:00:00+00:00,101.07047724,102.07047724,100.07047724,101.07047724,10
2024-01-07T00:00:00+00:00,100.80219078,101.80219078,99.80219078,100.80219078,10
2024-01-07T01:00:00+00:00,100.56995523,101.56995523,99.56995523,100.56995523,10
2024-01-07T02:00:00+00:00,100.37538241,101.37538241,99.37538241,100.37538241,10
2024-01-07T03:00:00+00:00,100.21982274,101.21982274,99.21982274,100.21982274,10
2024-01-07T04:00:00+00:00,100.10435585,101.10435585,99.10435585,100.10435585,10
2024-01-07T05:00:00+00:00,100.02978315,101.02978315,99.02978315,100.02978315,10
2024-01-07T06:00:00+00:00,99.9966222,100.9966222,98.9966222,99.9966222,10
2024-01-07T07:00:00+00:00,100.00510316,101.00510316,99.00510316,100.00510316,10
2024-01-07T08:00:00+00:00,100.05516715,101.05516715,99.05516715,100.05516715,10
2024-01-07T09:00:00+00:00,100.14646672,101.14646672,99.14646672,100.14646672,10
2024-01-07T10:00:00+00:00,100.2783682,101.2783682,99.2783682,100.2783682,10
2024-01-07T11:00:00+00:00,100.44995615,101.44995615,99.44995615,100.44995615,10
2024-01-07T12:00:00+00:00,100.66003967,101.66003967,99.66003967,100.66003967,10
2024-01-07T13:00:00+00:00,100.90716069,101.90716069,99.90716069,100.90716069,10
2024-01-07T14:00:00+00:00,101.18960408,102.18960408,100.18960408,101.18960408,10
2024-01-07T15:00:00+00:00,101.50540958,102.50540958,100.50540958,101.50540958,10
2024-01-07T16:00:00+00:00,101.85238534,102.85238534,100.85238534,101.85238534,10
2024-01-07T17:00:00+00:00,102.22812323,103.22812323,101.22812323,102.22812323,10
2024-01-07T18:00:00+00:00,102.63001544,103.63001544,101.63001544,102.63001544,10
2024-01-07T19:00:00+00:00,103.05527268,104.05527268,102.05527268,103.05527268,10
2024-01-07T20:00:00+00:00,103.50094349,104.50094349,102.50094349,103.50094349,10
2024-01-07T21:00:00+00:00,103.96393471,104.96393471,102.96393471,103.96393471,10
2024-01-07T22:00:00+00:00,104.44103299,105.44103299,103.44103299,104.44103299,10
2024-01-07T23:00:00+00:00,104.92892706,105.92892706,103.92892706,104.92892706,10
2024-01-08T00:00:00+00:00,105.42423074,106.42423074,104.42423074,105.42423074,10
2024-01-08T01:00:00+00:00,105.9235064,106.9235064,104.9235064,105.9235064,10
2024-01-08T02:00:00+00:00,106.42328886,107.42328886,105.42328886,106.42328886,10
2024-01-08T03:00:00+00:00,106.92010941,107.92010941,105.92010941,106.92010941,10
2024-01-08T04:00:00+00:00,107.41051991,108.41051991,106.41051991,107.41051991,10
2024-01-08T05:00:00+00:00,107.89111669,108.89111669,106.89111669,107.89111669,10
2024-01-08T06:00:00+00:00,108.35856422,109.35856422,107.35856422,108.35856422,10
2024-01-08T07:00:00+00:00,108.80961821,109.80961821,107.80961821,108.80961821,10
2024-01-08T08:00:00+00:00,109.24114814,110.24114814,108.24114814,109.24114814,10
2024-01-08T09:00:00+00:00,109.65015902,110.65015902,108.65015902,109.65015902,10
2024-01-08T10:00:00+00:00,110.03381214,111.03381214,109.03381214,110.03381214,10
2024-01-08T11:00:00+00:00,110.38944478,111.38944478,109.38944478,110.38944478,10
2024-01-08T12:00:00+00:00,110.7145887,111.7145887,109.7145887,110.7145887,10
2024-01-08T13:00:00+00:00,111.00698726,112.00698726,110.00698726,111.00698726,10
2024-01-08T14:00:00+00:00,111.2646111,112.2646111,110.2646111,111.2646111,10
2024-01-08T15:00:00+00:00,111.48567218,112.48567218,110.48567218,111.48567218,10
2024-01-08T16:00:00+00:00,111.66863626,112.66863626,110.66863626,111.66863626,10
2024-01-08T17:00:00+00:00,111.81223348,112.81223348,110.81223348,111.81223348,10
2024-01-08T18:00:00+00:00,111.91546722,112.91546722,110.91546722,111.91546722,10
2024-01-08T19:00:00+00:00,111.977621,112.977621,110.977621,111.977621,10
2024-01-08T20:00:00+00:00,111.99826343,112.99826343,110.99826343,111.99826343,10
2024-01-08T21:00:00+00:00,111.97725125,112.97725125,110.97725125,111.97725125,10
2024-01-08T22:00:00+00:00,111.9147303,112.9147303,110.9147303,111.9147303,10
2024-01-08T23:00:00+00:00,111.8111345,112.8111345,110.8111345,111.8111345,10
2024-01-09T00:00:00+00:00,111.66718284,112.66718284,110.66718284,111.66718284,10
2024-01-09T01:00:00+00:00,111.48387441,112.48387441,110.48387441,111.48387441,10
2024-01-09T02:00:00+00:00,111.26248146,112.26248146,110.26248146,111.26248146,10
2024-01-09T03:00:00+00:00,111.00454053,112.00454053,110.00454053,111.00454053,10
2024-01-09T04:00:00+00:00,110.71184186,111.71184186,109.71184186,110.71184186,10
2024-01-09T05:00:00+00:00,110.3864169,111.3864169,109.3864169,110.3864169,10
2024-01-09T06:00:00+00:00,110.03052422,111.03052422,109.03052422,110.03052422,10
2024-01-09T07:00:00+00:00,109.64663389,110.64663389,108.64663389,109.64663389,10
2024-01-09T08:00:00+00:00,109.23741027,110.23741027,108.23741027,109.23741027,10
2024-01-09T09:00:00+00:00,108.80569353,109.80569353,107.80569353,108.80569353,10
2024-01-09T10:00:00+00:00,108.35447998,109.35447998,107.35447998,108.35447998,10
2024-01-09T11:00:00+00:00,107.88690124,108.88690124,106.88690124,107.88690124,10
2024-01-09T12:00:00+00:00,107.40620249,108.40620249,106.40620249,107.40620249,10
2024-01-09T13:00:00+00:00,106.91572,107.91572,105.91572,106.91572,10
2024-01-09T14:00:00+00:00,106.41885792,107.41885792,105.41885792,106.41885792,10
2024-01-09T15:00:00+00:00,105.91906468,106.91906468,104.91906468,105.91906468,10
2024-01-09T16:00:00+00:00,105.41980907,106.41980907,104.41980907,105.41980907,10
2024-01-09T17:00:00+00:00,104.92455613,105.92455613,103.92455613,104.92455613,10
2024-01-09T18:00:00+00:00,104.43674313,105.43674313,103.43674313,104.43674313,10
2024-01-09T19:00:00+00:00,103.95975569,104.95975569,102.95975569,103.95975569,10
2024-01-09T20:00:00+00:00,103.49690432,104.49690432,102.49690432,103.49690432,10
2024-01-09T21:00:00+00:00,103.0514014,104.0514014,102.0514014,103.0514014,10
2024-01-09T22:00:00+00:00,102.62633891,103.62633891,101.62633891,102.62633891,10
2024-01-09T23:00:00+00:00,102.22466697,103.22466697,101.22466697,102.22466697,10
2024-01-10T00:00:00+00:00,101.84917335,102.84917335,100.84917335,101.84917335,10
2024-01-10T01:00:00+00:00,101.50246413,102.50246413,100.50246413,101.50246413,10
2024-01-10T02:00:00+00:00,101.18694563,102.18694563,100.18694563,101.18694563,10
2024-01-10T03:00:00+00:00,100.90480768,101.90480768,99.90480768,100.90480768,10
2024-01-10T04:00:00+00:00,100.65800843,101.65800843,99.65800843,100.65800843,10
2024-01-10T05:00:00+00:00,100.44826078,101.44826078,99.44826078,100.44826078,10
2024-01-10T06:00:00+00:00,100.27702048,101.27702048,99.27702048,100.27702048,10
2024-01-10T07:00:00+00:00,100.14547598,101.14547598,99.14547598,100.14547598,10
2024-01-10T08:00:00+00:00,100.05454029,101.05454029,99.05454029,100.05454029,10
2024-01-10T09:00:00+00:00,100.00484451,101.00484451,99.00484451,100.00484451,10
2024-01-10T10:00:00+00:00,99.99673357,100.99673357,98.99673357,99.99673357,10
2024-01-10T11:00:00+00:00,100.03026376,101.03026376,99.03026376,100.03026376,10
2024-01-10T12:00:00+00:00,100.10520237,101.10520237,99.10520237,100.10520237,10
2024-01-10T13:00:00+00:00,100.22102928,101.22102928,99.22102928,100.22102928,10
2024-01-10T14:00:00+00:00,100.37694062,101.37694062,99.37694062,100.37694062,10
2024-01-10T15:00:00+00:00,100.57185428,101.57185428,99.57185428,100.57185428,10
2024-01-10T16:00:00+00:00,100.80441749,101.80441749,99.80441749,100.80441749,10
2024-01-10T17:00:00+00:00,101.07301616,102.07301616,100.07301616,101.07301616,10
2024-01-10T18:00:00+00:00,101.37578609,102.37578609,100.37578609,101.37578609,10
2024-01-10T19:00:00+00:00,101.71062594,102.71062594,100.71062594,101.71062594,10
2024-01-10T20:00:00+00:00,102.07521178,103.07521178,101.07521178,102.07521178,10
2024-01-10T21:00:00+00:00,102.46701321,103.46701321,101.46701321,102.46701321,10
2024-01-10T22:00:00+00:00,102.88331099,103.88331099,101.88331099,102.88331099,10
2024-01-10T23:00:00+00:00,103.32121581,104.32121581,102.32121581,103.32121581,10
2024-01-11T00:00:00+00:00,103.77768843,104.77768843,102.77768843,103.77768843,10
2024-01-11T01:00:00+00:00,104.24956075,105.24956075,103.24956075,104.24956075,10
2024-01-11T02:00:00+00:00,104.73355776,105.73355776,103.73355776,104.73355776,10
2024-01-11T03:00:00+00:00,105.22632031,106.22632031,104.22632031,105.22632031,10
2024-01-11T04:00:00+00:00,105.72442843,106.72442843,104.72442843,105.72442843,10
2024-01-11T05:00:00+00:00,106.22442504,107.22442504,105.22442504,106.22442504,10
2024-01-11T06:00:00+00:00,106.72283993,107.72283993,105.72283993,106.72283993,10
2024-01-11T07:00:00+00:00,107.21621391,108.21621391,106.21621391,107.21621391,10
2024-01-11T08:00:00+00:00,107.70112275,108.70112275,106.70112275,107.70112275,10
2024-01-11T09:00:00+00:00,108.17420096,109.17420096,107.17420096,108.17420096,10
2024-01-11T10:00:00+00:00,108.63216519,109.63216519,107.63216519,108.63216519,10
2024-01-11T11:00:00+00:00,109.07183697,110.07183697,108.07183697,109.07183697,10
2024-01-11T12:00:00+00:00,109.49016479,110.49016479,108.49016479,109.49016479,10
2024-01-11T13:00:00+00:00,109.88424527,110.88424527,108.88424527,109.88424527,10
2024-01-11T14:00:00+00:00,110.25134334,111.25134334,109.25134334,110.25134334,10
2024-01-11T15:00:00+00:00,110.58891117,111.58891117,109.58891117,110.58891117,10
2024-01-11T16:00:00+00:00,110.89460589,111.89460589,109.89460589,110.89460589,10
2024-01-11T17:00:00+00:00,111.16630586,112.16630586,110.16630586,111.16630586,10
2024-01-11T18:00:00+00:00,111.40212536,112.40212536,110.40212536,111.40212536,10
2024-01-11T19:00:00+00:00,111.60042771,112.60042771,110.60042771,111.60042771,10
2024-01-11T20:00:00+00:00,111.75983659,112.75983659,110.75983659,111.75983659,10
2024-01-11T21:00:00+00:00,111.87924565,112.87924565,110.87924565,111.87924565,10
2024-01-11T22:00:00+00:00,111.95782614,112.95782614,110.95782614,111.95782614,10
2024-01-11T23:00:00+00:00,111.99503267,112.99503267,110.99503267,111.99503267,10
2024-01-12T00:00:00+00:00,111.99060702,112.99060702,110.99060702,111.99060702,10
2024-01-12T01:00:00+00:00,111.94457989,112.94457989,110.94457989,111.94457989,10
2024-01-12T02:00:00+00:00,111.85727075,112.85727075,110.85727075,111.85727075,10
2024-01-12T03:00:00+00:00,111.72928554,112.72928554,110.72928554,111.72928554,10
2024-01-12T04:00:00+00:00,111.56151255,112.56151255,110.56151255,111.56151255,10
2024-01-12T05:00:00+00:00,111.35511619,112.35511619,110.35511619,111.35511619,10
2024-01-12T06:00:00+00:00,111.11152893,112.11152893,110.11152893,111.11152893,10
2024-01-12T07:00:00+00:00,110.83244138,111.83244138,109.83244138,110.83244138,10
2024-01-12T08:00:00+00:00,110.51979053,111.51979053,109.51979053,110.51979053,10
2024-01-12T09:00:00+00:00,110.17574629,111.17574629,109.17574629,110.17574629,10
2024-01-12T10:00:00+00:00,109.8026965,110.8026965,108.8026965,109.8026965,10
2024-01-12T11:00:00+00:00,109.40323027,110.40323027,108.40323027,109.40323027,10
2024-01-12T12:00:00+00:00,108.98012007,109.98012007,107.98012007,108.98012007,10
2024-01-12T13:00:00+00:00,108.53630246,109.53630246,107.53630246,108.53630246,10
2024-01-12T14:00:00+00:00,108.07485773,109.07485773,107.07485773,108.07485773,10
2024-01-12T15:00:00+00:00,107.5989885,108.5989885,106.5989885,107.5989885,10
2024-01-12T16:00:00+00:00,107.11199751,108.11199751,106.11199751,107.11199751,10
2024-01-12T17:00:00+00:00,106.61726467,107.61726467,105.61726467,106.61726467,10
2024-01-12T18:00:00+00:00,106.11822366,107.11822366,105.11822366,106.11822366,10
2024-01-12T19:00:00+00:00,105.61833802,106.61833802,104.61833802,105.61833802,10
2024-01-12T20:00:00+00:00,105.12107718,106.12107718,104.12107718,105.12107718,10
2024-01-12T21:00:00+00:00,104.62989233,105.62989233,103.62989233,104.62989233,10
2024-01-12T22:00:00+00:00,104.14819252,105.14819252,103.14819252,104.14819252,10
2024-01-12T23:00:00+00:00,103.67932094,104.67932094,102.67932094,103.67932094,10
2024-01-13T00:00:00+00:00,103.22653176,104.22653176,102.22653176,103.22653176,10
2024-01-13T01:00:00+00:00,102.79296753,103.79296753,101.79296753,102.79296753,10
2024-01-13T02:00:00+00:00,102.38163737,103.38163737,101.38163737,102.38163737,10
2024-01-13T03:00:00+00:00,101.99539609,102.99539609,100.99539609,101.99539609,10
2024-01-13T04:00:00+00:00,101.63692437,102.63692437,100.63692437,101.63692437,10
2024-01-13T05:00:00+00:00,101.30871015,102.30871015,100.30871015,101.30871015,10
2024-01-13T06:00:00+00:00,101.01303139,102.01303139,100.01303139,101.01303139,10
2024-01-13T07:00:00+00:00,100.75194021,101.75194021,99.75194021,100.75194021,10
2024-01-13T08:00:00+00:00,100.52724871,101.52724871,99.52724871,100.52724871,10
2024-01-13T09:00:00+00:00,100.34051633,101.34051633,99.34051633,100.34051633,10
2024-01-13T10:00:00+00:00,100.19303908,101.19303908,99.19303908,100.19303908,10
2024-01-13T11:00:00+00:00,100.08584052,101.08584052,99.08584052,100.08584052,10
2024-01-13T12:00:00+00:00,100.01966464,101.01966464,99.01966464,100.01966464,10
2024-01-13T13:00:00+00:00,99.99497074,100.99497074,98.99497074,99.99497074,10
2024-01-13T14:00:00+00:00,100.01193021,101.01193021,99.01193021,100.01193021,10
2024-01-13T15:00:00+00:00,100.07042533,101.07042533,99.07042533,100.07042533,10
2024-01-13T16:00:00+00:00,100.17005013,101.17005013,99.17005013,100.17005013,10
2024-01-13T17:00:00+00:00,100.31011317,101.31011317,99.31011317,100.31011317,10
2024-01-13T18:00:00+00:00,100.48964234,101.48964234,99.48964234,100.48964234,10
2024-01-13T19:00:00+00:00,100.70739165,101.70739165,99.70739165,100.70739165,10
2024-01-13T20:00:00+00:00,100.96184982,101.96184982,99.96184982,100.96184982,10
2024-01-13T21:00:00+00:00,101.2512508,102.2512508,100.2512508,101.2512508,10
2024-01-13T22:00:00+00:00,101.57358602,102.57358602,100.57358602,101.57358602,10
2024-01-13T23:00:00+00:00,101.92661834,102.92661834,100.92661834,101.92661834,10
2024-01-14T00:00:00+00:00,102.30789756,103.30789756,101.30789756,102.30789756,10
2024-01-14T01:00:00+00:00,102.71477745,103.71477745,101.71477745,102.71477745,10
2024-01-14T02:00:00+00:00,103.14443409,104.14443409,102.14443409,103.14443409,10
2024-01-14T03:00:00+00:00,103.59388546,104.59388546,102.59388546,103.59388546,10
2024-01-14T04:00:00+00:00,104.0600122,105.0600122,103.0600122,104.0600122,10
2024-01-14T05:00:00+00:00,104.53957918,105.53957918,103.53957918,104.53957918,10
2024-01-14T06:00:00+00:00,105.029258,106.029258,104.029258,105.029258,10
2024-01-14T07:00:00+00:00,105.52565009,106.52565009,104.52565009,105.52565009,10
2024-01-14T08:00:00+00:00,106.02531026,107.02531026,105.02531026,106.02531026,10
2024-01-14T09:00:00+00:00,106.52477067,107.52477067,105.52477067,106.52477067,10
2024-01-14T10:00:00+00:00,107.02056484,108.02056484,106.02056484,107.02056484,10
2024-01-14T11:00:00+00:00,107.50925176,108.50925176,106.50925176,107.50925176,10
2024-01-14T12:00:00+00:00,107.98743972,108.98743972,106.98743972,107.98743972,10
2024-01-14T13:00:00+00:00,108.45180991,109.45180991,107.45180991,108.45180991,10
2024-01-14T14:00:00+00:00,108.89913938,109.89913938,107.89913938,108.89913938,10
2024-01-14T15:00:00+00:00,109.32632349,110.32632349,108.32632349,109.32632349,10
2024-01-14T16:00:00+00:00,109.73039739,110.73039739,108.73039739,109.73039739,10
2024-01-14T17:00:00+00:00,110.10855665,111.10855665,109.10855665,110.10855665,10
2024-01-14T18:00:00+00:00,110.45817666,111.45817666,109.45817666,110.45817666,10
2024-01-14T19:00:00+00:00,110.77683093,111.77683093,109.77683093,110.77683093,10
2024-01-14T20:00:00+00:00,111.06230785,112.06230785,110.06230785,111.06230785,10
2024-01-14T21:00:00+00:00,111.31262609,112.31262609,110.31262609,111.31262609,10
2024-01-14T22:00:00+00:00,111.52604834,112.52604834,110.52604834,111.52604834,10
2024-01-14T23:00:00+00:00,111.70109336,112.70109336,110.70109336,111.70109336,10
2024-01-15T00:00:00+00:00,111.83654625,112.83654625,110.83654625,111.83654625,10
2024-01-15T01:00:00+00:00,111.93146692,112.93146692,110.93146692,111.93146692,10
2024-01-15T02:00:00+00:00,111.98519658,112.98519658,110.98519658,111.98519658,10
2024-01-15T03:00:00+00:00,111.99736232,112.99736232,110.99736232,111.99736232,10
2024-01-15T04:00:00+00:00,111.96787971,112.96787971,110.96787971,111.96787971,10
2024-01-15T05:00:00+00:00,111.89695336,112.89695336,110.89695336,111.89695336,10
2024-01-15T06:00:00+00:00,111.78507554,112.78507554,110.78507554,111.78507554,10
2024-01-15T07:00:00+00:00,111.63302273,112.63302273,110.63302273,111.63302273,10
2024-01-15T08:00:00+00:00,111.44185023,112.44185023,110.44185023,111.44185023,10
2024-01-15T09:00:00+00:00,111.21288487,112.21288487,110.21288487,111.21288487,10
2024-01-15T10:00:00+00:00,110.94771577,111.94771577,109.94771577,110.94771577,10
2024-01-15T11:00:00+00:00,110.6481833,111.6481833,109.6481833,110.6481833,10
2024-01-15T12:00:00+00:00,110.31636636,111.31636636,109.31636636,110.31636636,10
2024-01-15T13:00:00+00:00,109.95456789,110.95456789,108.95456789,109.95456789,10
2024-01-15T14:00:00+00:00,109.56529894,110.56529894,108.56529894,109.56529894,10
2024-01-15T15:00:00+00:00,109.15126118,110.15126118,108.15126118,109.15126118,10
2024-01-15T16:00:00+00:00,108.71532823,109.71532823,107.71532823,108.71532823,10
2024-01-15T17:00:00+00:00,108.26052564,109.26052564,107.26052564,108.26052564,10
2024-01-15T18:00:00+00:00,107.79000993,108.79000993,106.79000993,107.79000993,10
2024-01-15T19:00:00+00:00,107.3070467,108.3070467,106.3070467,107.3070467,10
2024-01-15T20:00:00+00:00,106.81498789,107.81498789,105.81498789,106.81498789,10
2024-01-15T21:00:00+00:00,106.31724863,107.31724863,105.31724863,106.31724863,10
2024-01-15T22:00:00+00:00,105.81728342,106.81728342,104.81728342,105.81728342,10
2024-01-15T23:00:00+00:00,105.31856224,106.31856224,104.31856224,105.31856224,10
2024-01-16T00:00:00+00:00,104.82454643,105.82454643,103.82454643,104.82454643,10
2024-01-16T01:00:00+00:00,104.33866466,105.33866466,103.33866466,104.33866466,10
2024-01-16T02:00:00+00:00,103.86428917,104.86428917,102.86428917,103.86428917,10
2024-01-16T03:00:00+00:00,103.40471233,104.40471233,102.40471233,103.40471233,10
2024-01-16T04:00:00+00:00,102.96312378,103.96312378,101.96312378,102.96312378,10
2024-01-16T05:00:00+00:00,102.54258835,103.54258835,101.54258835,102.54258835,10
2024-01-16T06:00:00+00:00,102.14602473,103.14602473,101.14602473,102.14602473,10
2024-01-16T07:00:00+00:00,101.77618524,102.77618524,100.77618524,101.77618524,10
2024-01-16T08:00:00+00:00,101.43563673,102.43563673,100.43563673,101.43563673,10
2024-01-16T09:00:00+00:00,101.12674274,102.12674274,100.12674274,101.12674274,10
2024-01-16T10:00:00+00:00,100.85164714,101.85164714,99.85164714,100.85164714,10
2024-01-16T11:00:00+00:00,100.6122592,101.6122592,99.6122592,100.6122592,10
2024-01-16T12:00:00+00:00,100.41024037,101.41024037,99.41024037,100.41024037,10
2024-01-16T13:00:00+00:00,100.24699277,101.24699277,99.24699277,100.24699277,10
2024-01-16T14:00:00+00:00,100.12364938,101.12364938,99.12364938,100.12364938,10
2024-01-16T15:00:00+00:00,100.04106628,101.04106628,99.04106628,100.04106628,10
2024-01-16T16:00:00+00:00,99.99981661,100.99981661,98.99981661,99.99981661,10
2024-01-16T17:00:00+00:00,100.00018668,101.00018668,99.00018668,100.00018668,10
2024-01-16T18:00:00+00:00,100.0421739,101.0421739,99.0421739,100.0421739,10
2024-01-16T19:00:00+00:00,100.12548688,101.12548688,99.12548688,100.12548688,10
2024-01-16T20:00:00+00:00,100.24954739,101.24954739,99.24954739,100.24954739,10
2024-01-16T21:00:00+00:00,100.41349439,101.41349439,99.41349439,100.41349439,10
2024-01-16T22:00:00+00:00,100.61619002,101.61619002,99.61619002,100.61619002,10
2024-01-16T23:00:00+00:00,100.85622749,101.85622749,99.85622749,100.85622749,10
2024-01-17T00:00:00+00:00,101.13194083,102.13194083,100.13194083,101.13194083,10
2024-01-17T01:00:00+00:00,101.44141647,102.44141647,100.44141647,101.44141647,10
2024-01-17T02:00:00+00:00,101.78250653,102.78250653,100.78250653,101.78250653,10
2024-01-17T03:00:00+00:00,102.15284369,103.15284369,101.15284369,102.15284369,10
2024-01-17T04:00:00+00:00,102.54985766,103.54985766,101.54985766,102.54985766,10
2024-01-17T05:00:00+00:00,102.97079299,103.97079299,101.97079299,102.97079299,10
2024-01-17T06:00:00+00:00,103.4127282,104.4127282,102.4127282,103.4127282,10
2024-01-17T07:00:00+00:00,103.87259608,104.87259608,102.87259608,103.87259608,10
2024-01-17T08:00:00+00:00,104.34720495,105.34720495,103.34720495,104.34720495,10
2024-01-17T09:00:00+00:00,104.83326082,105.83326082,103.83326082,104.83326082,10
2024-01-17T10:00:00+00:00,105.32739025,106.32739025,104.32739025,105.32739025,10
2024-01-17T11:00:00+00:00,105.82616379,106.82616379,104.82616379,105.82616379,10
2024-01-17T12:00:00+00:00,106.32611972,107.32611972,105.32611972,106.32611972,10
2024-01-17T13:00:00+00:00,106.82378814,107.82378814,105.82378814,106.82378814,10
2024-01-17T14:00:00+00:00,107.31571501,108.31571501,106.31571501,107.31571501,10
2024-01-17T15:00:00+00:00,107.79848616,108.79848616,106.79848616,107.79848616,10
